fa842e,::1,GET,http://localhost/music_match/music_match/web/index_dev.php/Triss/accueil,1503400361,,200
6eec0d,::1,GET,http://localhost/music_match/music_match/web/index_dev.php/Triss/bibliotheque,1503400365,,200
6290be,::1,GET,http://localhost/music_match/music_match/web/index_dev.php/amis?username=Triss,1503400368,,200
1f5f98,::1,GET,http://localhost/music_match/music_match/web/index_dev.php/Triss/bibliotheque,1503400375,,200
48c01a,::1,GET,http://localhost/music_match/music_match/web/index_dev.php/amis?username=Triss,1503400389,,200
0f6d47,::1,GET,http://localhost/music_match/music_match/web/index_dev.php/search?q=lambda,1503400406,,200
17a027,::1,GET,http://localhost/music_match/music_match/web/index_dev.php/1photo_profil.jpg,1503400406,,404
0d846c,::1,POST,http://localhost/music_match/music_match/web/index_dev.php/ajax/addFriend,1503400414,,200
d11625,::1,GET,http://localhost/music_match/music_match/web/index_dev.php/amis?username=Triss,1503400425,,200
fa2164,::1,GET,http://localhost/music_match/music_match/web/index_dev.php/amis?username=Triss,1503400497,,200
1a7044,::1,GET,http://localhost/music_match/music_match/web/index_dev.php/amis?username=Triss,1503400609,,200
62225d,::1,GET,http://localhost/music_match/music_match/web/index_dev.php/amis?username=Triss,1503404948,,200
f5b3de,::1,GET,http://localhost/music_match/music_match/web/index_dev.php/amis?username=Triss,1503404986,,200
8a80ec,::1,GET,http://localhost/music_match/music_match/web/index_dev.php/amis?username=Triss,1503405037,,200
007691,::1,GET,http://localhost/music_match/music_match/web/index_dev.php/amis?username=Triss,1503405266,,200
0287a8,::1,GET,http://localhost/music_match/music_match/web/index_dev.php/Triss/profil,1503405271,,200
6c25ed,::1,GET,http://localhost/music_match/music_match/web/index_dev.php/Triss/accueil,1503405279,,200
541a46,::1,GET,http://localhost/music_match/music_match/web/index_dev.php/amis?username=Triss,1503405303,,200
444a47,::1,GET,http://localhost/music_match/music_match/web/index_dev.php/search?q=lambda,1503405310,,200
3f4150,::1,GET,http://localhost/music_match/music_match/web/index_dev.php/1photo_profil.jpg,1503405311,,404
790ae2,::1,GET,http://localhost/music_match/music_match/web/index_dev.php/lambda/profil,1503405315,,200
c8e5c9,::1,GET,http://localhost/music_match/music_match/web/index_dev.php/1photo_profil.jpg,1503405317,,404
23ed1d,::1,POST,http://localhost/music_match/music_match/web/index_dev.php/ajax/addFriend,1503405319,,200
0d2a56,::1,GET,http://localhost/music_match/music_match/web/index_dev.php/search?q=lambda,1503405415,,200
26447e,::1,GET,http://localhost/music_match/music_match/web/index_dev.php/1photo_profil.jpg,1503405416,,404
ac513a,::1,GET,http://localhost/music_match/music_match/web/index_dev.php/deconnexion,1503405418,,302
0bbcb0,::1,GET,http://localhost/music_match/music_match/web/index_dev.php/,1503405419,,200
c73a79,::1,POST,http://localhost/music_match/music_match/web/index_dev.php/connexion,1503405424,,302
f69dd8,::1,GET,http://localhost/music_match/music_match/web/index_dev.php/lambda/accueil,1503405427,,200
74aaee,::1,GET,http://localhost/music_match/music_match/web/index_dev.php/amis?username=lambda,1503405433,,200
6cb80d,::1,GET,http://localhost/music_match/music_match/web/index_dev.php/Batman-1-640x443-375x216.jpg,1503405434,,404
6a4a31,::1,GET,http://localhost/music_match/music_match/web/index_dev.php/Admin/profil,1503405440,,200
94c569,::1,GET,http://localhost/music_match/music_match/web/index_dev.php/Batman-1-640x443-375x216.jpg,1503405443,,404
b6d892,::1,GET,http://localhost/music_match/music_match/web/index_dev.php/Tristan/profil,1503405444,,200
8a0b34,::1,GET,http://localhost/music_match/music_match/web/index_dev.php/Batman-1-640x443-375x216.jpg,1503405446,,404
d41ab5,::1,GET,http://localhost/music_match/music_match/web/index_dev.php/visiteur/profil,1503405448,,200
92a0dc,::1,GET,http://localhost/music_match/music_match/web/index_dev.php/Batman-1-640x443-375x216.jpg,1503405450,,404
f08661,::1,GET,http://localhost/music_match/music_match/web/index_dev.php/Tristan/profil,1503405458,,200
895d0c,::1,GET,http://localhost/music_match/music_match/web/index_dev.php/lambda/accueil,1503405465,,200
4942c7,::1,GET,http://localhost/music_match/music_match/web/index_dev.php/amis?username=lambda,1503405465,,200
b403d5,::1,GET,http://localhost/music_match/music_match/web/index_dev.php/Batman-1-640x443-375x216.jpg,1503405466,,404
e1bbc7,::1,GET,http://localhost/music_match/music_match/web/index_dev.php/davydfd/profil,1503405473,,200
eabc8d,::1,GET,http://localhost/music_match/music_match/web/index_dev.php/Batman-1-640x443-375x216.jpg,1503405476,,404
a94372,::1,GET,http://localhost/music_match/music_match/web/index_dev.php/Tristan/profil,1503405486,,200
9b3ab1,::1,GET,http://localhost/music_match/music_match/web/index_dev.php/Batman-1-640x443-375x216.jpg,1503405490,,404
2b1cff,::1,GET,http://localhost/music_match/music_match/web/index_dev.php/Triss/profil,1503405491,,200
567fa4,::1,GET,http://localhost/music_match/music_match/web/index_dev.php/Batman-1-640x443-375x216.jpg,1503405493,,404
239e6d,::1,GET,http://localhost/music_match/music_match/web/index_dev.php/Admin/profil,1503405494,,200
b7fb66,::1,GET,http://localhost/music_match/music_match/web/index_dev.php/Batman-1-640x443-375x216.jpg,1503405496,,404
3c7a43,::1,GET,http://localhost/music_match/music_match/web/index_dev.php/pilouououo/profil,1503405497,,200
21d1b2,::1,GET,http://localhost/music_match/music_match/web/index_dev.php/Batman-1-640x443-375x216.jpg,1503405499,,404
e72f74,::1,GET,http://localhost/music_match/music_match/web/index_dev.php/Triss/profil,1503405500,,200
fa0594,::1,GET,http://localhost/music_match/music_match/web/index_dev.php/Batman-1-640x443-375x216.jpg,1503405502,,404
055a99,::1,GET,http://localhost/music_match/music_match/web/index_dev.php/Tristan/profil,1503405503,,200
7c2ba0,::1,GET,http://localhost/music_match/music_match/web/index_dev.php/Batman-1-640x443-375x216.jpg,1503405508,,404
06f229,::1,GET,http://localhost/music_match/music_match/web/index_dev.php/lambda/profil,1503405510,,200
ab3dca,::1,GET,http://localhost/music_match/music_match/web/index_dev.php/lambda/accueil,1503405515,,200
1fdd54,::1,GET,http://localhost/music_match/music_match/web/index_dev.php/lambda/profil,1503405602,,200
320035,::1,GET,http://localhost/music_match/music_match/web/index_dev.php/lambda/accueil,1503405622,,200
a605c1,::1,GET,http://localhost/music_match/music_match/web/index_dev.php/lambda/profil,1503405807,,200
6ce4d6,::1,GET,http://localhost/music_match/music_match/web/index_dev.php/lambda/bibliotheque,1503405811,,200
4870cb,::1,GET,http://localhost/music_match/music_match/web/index_dev.php/amis?username=lambda,1503405813,,200
715503,::1,GET,http://localhost/music_match/music_match/web/index_dev.php/Batman-1-640x443-375x216.jpg,1503405814,,404
3735e5,::1,GET,http://localhost/music_match/music_match/web/index_dev.php/lambda/accueil,1503405907,,200
45237c,::1,GET,http://localhost/music_match/music_match/web/index_dev.php/album/5xlAJ8RnAIFI1gyKTFkXFx,1503405912,,200
19dcbd,::1,GET,http://localhost/music_match/music_match/web/index_dev.php/lambda/accueil,1503405921,,200
dda131,::1,GET,http://localhost/music_match/music_match/web/index_dev.php/lambda/accueil,1503405943,,200
756c45,::1,GET,http://localhost/music_match/music_match/web/index_dev.php/lambda/profil,1503405959,,200
0ba056,::1,GET,http://localhost/music_match/music_match/web/index_dev.php/lambda/bibliotheque,1503405965,,200
e6e736,::1,GET,http://localhost/music_match/music_match/web/index_dev.php/album/4tmueoEjzptuva3UjYHUe0,1503405972,,200
c97e1d,::1,GET,http://localhost/music_match/music_match/web/index_dev.php/artist/6d24kC5fxHFOSEAmjQPPhc,1503405980,,200
b904e2,::1,GET,http://localhost/music_match/music_match/web/index_dev.php/lambda/profil,1503405995,,200
53a7ee,::1,GET,http://localhost/music_match/music_match/web/index_dev.php/lambda/edition_profil,1503405999,,200
904fd3,::1,GET,http://localhost/music_match/music_match/web/index_dev.php/lambda/profil,1503406264,,200
2e8dd9,::1,GET,http://localhost/music_match/music_match/web/index_dev.php/lambda/edition_profil,1503406267,,200
019187,::1,GET,http://localhost/music_match/music_match/web/index_dev.php/lambda/bibliotheque,1503406279,,200
74526b,::1,GET,http://localhost/music_match/music_match/web/index_dev.php/lambda/bibliotheque,1503406567,,200
de5971,::1,GET,http://localhost/music_match/music_match/web/index_dev.php/lambda/bibliotheque,1503406611,,200
82d800,::1,GET,http://localhost/music_match/music_match/web/index_dev.php/lambda/bibliotheque,1503406703,,200
62cab6,::1,GET,http://localhost/music_match/music_match/web/index_dev.php/lambda/bibliotheque,1503406773,,200
362b76,::1,GET,http://localhost/music_match/music_match/web/index_dev.php/lambda/profil,1503406778,,200
1936c8,::1,GET,http://localhost/music_match/music_match/web/index_dev.php/lambda/accueil,1503406790,,200
9e1c89,::1,GET,http://localhost/music_match/music_match/web/index_dev.php/lambda/accueil,1503406829,,200
9b0dde,::1,GET,http://localhost/music_match/music_match/web/index_dev.php/lambda/accueil,1503406833,,200
e178a1,::1,GET,http://localhost/music_match/music_match/web/index_dev.php/lambda/bibliotheque,1503406839,,200
2543a8,::1,GET,http://localhost/music_match/music_match/web/index_dev.php/lambda/bibliotheque,1503407220,,200
97b023,::1,GET,http://localhost/music_match/music_match/web/index_dev.php/lambda/accueil,1503407232,,200
a33e8f,::1,GET,http://localhost/music_match/music_match/web/index_dev.php/lambda/accueil,1503407331,,200
aa3ee6,::1,GET,http://localhost/music_match/music_match/web/index_dev.php/lambda/accueil,1503407415,,200
e17954,::1,GET,http://localhost/music_match/music_match/web/index_dev.php/lambda/accueil,1503407420,,200
17d969,::1,GET,http://localhost/music_match/music_match/web/index_dev.php/lambda/accueil,1503407455,,200
f4c67b,::1,GET,http://localhost/music_match/music_match/web/index_dev.php/lambda/accueil,1503407532,,500
9137ee,::1,GET,http://localhost/music_match/music_match/web/index_dev.php/lambda/accueil,1503407549,,200
05e0e9,::1,GET,http://localhost/music_match/music_match/web/index_dev.php/lambda/accueil,1503407661,,200
2d4c9f,::1,GET,http://localhost/music_match/music_match/web/index_dev.php/lambda/accueil,1503407685,,500
6bf4e5,::1,GET,http://localhost/music_match/music_match/web/index_dev.php/lambda/accueil,1503407696,,200
338ab1,::1,GET,http://localhost/music_match/music_match/web/index_dev.php/lambda/accueil,1503407747,,200
5469e4,::1,GET,http://localhost/music_match/music_match/web/index_dev.php/lambda/accueil,1503407877,,200
2c6584,::1,GET,http://localhost/music_match/music_match/web/index_dev.php/lambda/accueil,1503407980,,200
fe469a,::1,GET,http://localhost/music_match/music_match/web/index_dev.php/lambda/accueil,1503408018,,200
0dc529,::1,GET,http://localhost/music_match/music_match/web/index_dev.php/lambda/accueil,1503408130,,200
b03a8c,::1,GET,http://localhost/music_match/music_match/web/index_dev.php/lambda/accueil,1503408216,,200
fe6c08,::1,GET,http://localhost/music_match/music_match/web/index_dev.php/lambda/accueil,1503408346,,200
fb9004,::1,GET,http://localhost/music_match/music_match/web/index_dev.php/lambda/accueil,1503408369,,200
192c58,::1,GET,http://localhost/music_match/music_match/web/index_dev.php/lambda/accueil,1503408390,,200
723444,::1,GET,http://localhost/music_match/music_match/web/index_dev.php/lambda/accueil,1503408540,,200
690e68,::1,GET,http://localhost/music_match/music_match/web/index_dev.php/lambda/accueil,1503408593,,200
c4247d,::1,GET,http://localhost/music_match/music_match/web/index_dev.php/search?q=the%20blaze,1503409011,,200
b20251,::1,GET,http://localhost/music_match/music_match/web/index_dev.php/album/56X6IaIoNEfqxAvGb9St58,1503409015,,200
55618b,::1,POST,http://localhost/music_match/music_match/web/index_dev.php/ajax/addTrack,1503409019,,200
1da8e8,::1,GET,http://localhost/music_match/music_match/web/index_dev.php/lambda/accueil,1503409038,,200
ed4906,::1,GET,http://localhost/music_match/music_match/web/index_dev.php/lambda/accueil,1503409123,,200
f7b989,::1,GET,http://localhost/music_match/music_match/web/index_dev.php/lambda/accueil,1503409160,,200
61ba61,::1,GET,http://localhost/music_match/music_match/web/index_dev.php/lambda/bibliotheque,1503409197,,200
e9dba0,::1,GET,http://localhost/music_match/music_match/web/index_dev.php/lambda/bibliotheque,1503409302,,200
193221,::1,GET,http://localhost/music_match/music_match/web/index_dev.php/lambda/bibliotheque,1503409323,,200
530f51,::1,GET,http://localhost/music_match/music_match/web/index_dev.php/lambda/accueil,1503409354,,200
79d4ac,::1,GET,http://localhost/music_match/music_match/web/index_dev.php/lambda/accueil,1503409415,,200
590211,::1,GET,http://localhost/music_match/music_match/web/index_dev.php/lambda/accueil,1503409514,,200
f47b8e,::1,GET,http://localhost/music_match/music_match/web/index_dev.php/lambda/accueil,1503409531,,200
185aab,::1,GET,http://localhost/music_match/music_match/web/index_dev.php/lambda/accueil,1503409593,,200
b069a7,::1,GET,http://localhost/music_match/music_match/web/index_dev.php/lambda/accueil,1503409657,,200
6e95db,::1,GET,http://localhost/music_match/music_match/web/index_dev.php/lambda/accueil,1503409715,,200
8d632a,::1,GET,http://localhost/music_match/music_match/web/index_dev.php/lambda/bibliotheque,1503409765,,200
63a65c,::1,GET,http://localhost/music_match/music_match/web/index_dev.php/lambda/profil,1503409817,,200
907691,::1,GET,http://localhost/music_match/music_match/web/index_dev.php/amis?username=lambda,1503409819,,200
87f114,::1,GET,http://localhost/music_match/music_match/web/index_dev.php/Batman-1-640x443-375x216.jpg,1503409819,,404
43bc87,::1,GET,http://localhost/music_match/music_match/web/index_dev.php/,1503409834,,302
2e5de9,::1,GET,http://localhost/music_match/music_match/web/index_dev.php/lambda/accueil,1503409838,,200
2c434d,::1,GET,http://localhost/music_match/music_match/web/index_dev.php/,1503409864,,200
b43767,::1,GET,http://localhost/music_match/music_match/web/index_dev.php/,1503409876,,200
ad9a1a,::1,GET,http://localhost/music_match/music_match/web/index_dev.php/,1503409877,,200
1d424a,::1,GET,http://localhost/music_match/music_match/web/index_dev.php/deconnexion,1503409885,,302
73507d,::1,GET,http://localhost/music_match/music_match/web/index_dev.php/,1503409886,,200
cc396a,::1,POST,http://localhost/music_match/music_match/web/index_dev.php/connexion,1503409943,,302
76abdb,::1,GET,http://localhost/music_match/music_match/web/index_dev.php/,1503409943,,200
d576a8,::1,POST,http://localhost/music_match/music_match/web/index_dev.php/connexion,1503409972,,302
51f464,::1,GET,http://localhost/music_match/music_match/web/index_dev.php/Triss/accueil,1503409976,,200
44eb4a,::1,GET,http://localhost/music_match/music_match/web/index_dev.php/Triss/profil,1503409980,,200
ecb009,::1,GET,http://localhost/music_match/music_match/web/index_dev.php/amis?username=Triss,1503409983,,200
f1d384,::1,GET,http://localhost/music_match/music_match/web/index_dev.php/,1503410191,,200
833772,::1,POST,http://localhost/music_match/music_match/web/index_dev.php/connexion,1503410203,,302
aab22c,::1,GET,http://localhost/music_match/music_match/web/index_dev.php/lambda/accueil,1503410206,,200
d69f33,::1,GET,http://localhost/music_match/music_match/web/index_dev.php/amis?username=lambda,1503410229,,200
39ed55,::1,GET,http://localhost/music_match/music_match/web/index_dev.php/Batman-1-640x443-375x216.jpg,1503410230,,404
a45206,::1,GET,http://localhost/music_match/music_match/web/index_dev.php/Triss/profil,1503410237,,200
fa3a6f,::1,GET,http://localhost/music_match/music_match/web/index_dev.php/Triss/profil,1503410240,,200
c94b7d,::1,GET,http://localhost/music_match/music_match/web/index_dev.php/lambda/profil,1503410248,,200
76d03c,::1,GET,http://localhost/music_match/music_match/web/index_dev.php/Triss/accueil,1503410254,,200
273e29,::1,GET,http://localhost/music_match/music_match/web/index_dev.php/lambda/accueil,1503410269,,200
46760d,::1,GET,http://localhost/music_match/music_match/web/index_dev.php/Triss/profil,1503410316,,200
4b5f23,::1,GET,http://localhost/music_match/music_match/web/index_dev.php/Triss/accueil,1503410337,,200
f4117d,::1,GET,http://localhost/music_match/music_match/web/index_dev.php/lambda/profil,1503410393,,200
986d41,::1,GET,http://localhost/music_match/music_match/web/index_dev.php/lambda/edition_profil,1503410396,,200
e21b2a,::1,POST,http://localhost/music_match/music_match/web/index_dev.php/lambda/edition_profil,1503410409,,302
243c69,::1,GET,http://localhost/music_match/music_match/web/index_dev.php/lambda/profil,1503410410,,200
333fae,::1,GET,http://localhost/music_match/music_match/web/index_dev.php/lambda/accueil,1503410416,,200
e79bee,::1,GET,http://localhost/music_match/music_match/web/index_dev.php/artist/6HZr7Fs2VfV1PYHIwo8Ylc,1503410433,,200
66ba25,::1,GET,http://localhost/music_match/music_match/web/index_dev.php/search?q=messhuggah,1503410445,,200
851b82,::1,GET,http://localhost/music_match/music_match/web/index_dev.php/search?q=meshuggah,1503410451,,200
1adead,::1,GET,http://localhost/music_match/music_match/web/index_dev.php/artist/3ggwAqZD3lyT2sbovlmfQY,1503410458,,200
c9e211,::1,GET,http://localhost/music_match/music_match/web/index_dev.php/search?q=vildjartha,1503410474,,200
aa35ac,::1,GET,http://localhost/music_match/music_match/web/index_dev.php/search?q=vildhjarta,1503410524,,200
8bfd07,::1,GET,http://localhost/music_match/music_match/web/index_dev.php/artist/0z4ODfFM8PGE0A9r0tZ75J,1503410529,,200
e13178,::1,GET,http://localhost/music_match/music_match/web/index_dev.php/search?q=mathcore,1503410539,,200
b8d25c,::1,GET,http://localhost/music_match/music_match/web/index_dev.php/album/4v4vWwxIm3blr84IoZ46dH,1503410552,,200
20b2fa,::1,GET,http://localhost/music_match/music_match/web/index_dev.php/artist/5dZHctmvhtcBNnFhPWvKrs,1503410563,,200
d4afc5,::1,GET,http://localhost/music_match/music_match/web/index_dev.php/lambda/profil,1503410571,,200
a2e646,::1,GET,http://localhost/music_match/music_match/web/index_dev.php/lambda/accueil,1503410666,,200
9b2eb2,::1,GET,http://localhost/music_match/music_match/web/index_dev.php/album/1MgyBHsiad6REK9veCUATT,1503410679,,200
e13999,::1,GET,http://localhost/music_match/music_match/web/index_dev.php/lambda/accueil,1503410690,,200
f9132b,::1,GET,http://localhost/music_match/music_match/web/index_dev.php/lambda/profil,1503411591,,200
59e238,::1,GET,http://localhost/music_match/music_match/web/index_dev.php/amis?username=lambda,1503411593,,200
c2abbe,::1,GET,http://localhost/music_match/music_match/web/index_dev.php/Batman-1-640x443-375x216.jpg,1503411594,,404
8e1975,::1,GET,http://localhost/music_match/music_match/web/index_dev.php/amis,1503411642,,200
13b189,::1,GET,http://localhost/music_match/music_match/web/index_dev.php/Batman-1-640x443-375x216.jpg,1503411642,,404
4e78fa,::1,GET,http://localhost/music_match/music_match/web/index_dev.php/amis?username=Triss,1503411656,,200
f71205,::1,GET,http://localhost/music_match/music_match/web/index_dev.php/amis?username=Triss,1503411809,,200
52dfb8,::1,GET,http://localhost/music_match/music_match/web/index_dev.php/Batman-1-640x443-375x216.jpg,1503411809,,404
85bb0d,::1,GET,http://localhost/music_match/music_match/web/index_dev.php/amis,1503411820,,200
3ab0c2,::1,GET,http://localhost/music_match/music_match/web/index_dev.php/Batman-1-640x443-375x216.jpg,1503411821,,404
1d899f,::1,GET,http://localhost/music_match/music_match/web/index_dev.php/amis,1503411826,,200
7de547,::1,GET,http://localhost/music_match/music_match/web/index_dev.php/Batman-1-640x443-375x216.jpg,1503411827,,404
32f908,::1,GET,http://localhost/music_match/music_match/web/index_dev.php/amis?username=Triss,1503411835,,200
3593b7,::1,GET,http://localhost/music_match/music_match/web/index_dev.php/Batman-1-640x443-375x216.jpg,1503411836,,404
56ae0c,::1,GET,http://localhost/music_match/music_match/web/index_dev.php/amis,1503412541,,500
fa575b,::1,GET,http://localhost/music_match/music_match/web/index_dev.php/amis,1503412613,,200
f813a6,::1,GET,http://localhost/music_match/music_match/web/index_dev.php/Batman-1-640x443-375x216.jpg,1503412614,,404
cfde80,::1,GET,http://localhost/music_match/music_match/web/index_dev.php/amis?username=Triss,1503412621,,200
1c5b29,::1,GET,http://localhost/music_match/music_match/web/index_dev.php/amis,1503413019,,200
20dd21,::1,GET,http://localhost/music_match/music_match/web/index_dev.php/Batman-1-640x443-375x216.jpg,1503413019,,404
af2e76,::1,GET,http://localhost/music_match/music_match/web/index_dev.php/amis?username=Triss,1503413024,,200
71c1c9,::1,GET,http://localhost/music_match/music_match/web/index_dev.php/1photo_profil.jpg,1503413025,,404
b780df,::1,GET,http://localhost/music_match/music_match/web/index_dev.php/amis,1503413051,,200
10efa6,::1,GET,http://localhost/music_match/music_match/web/index_dev.php/Batman-1-640x443-375x216.jpg,1503413052,,404
8eb667,::1,GET,http://localhost/music_match/music_match/web/index_dev.php/amis?username=Triss,1503413055,,200
b70580,::1,GET,http://localhost/music_match/music_match/web/index_dev.php/1photo_profil.jpg,1503413055,,404
02ab56,::1,POST,http://localhost/music_match/music_match/web/index_dev.php/ajax/removeFriend,1503413068,,200
677dfe,::1,GET,http://localhost/music_match/music_match/web/index_dev.php/amis?username=Triss,1503413071,,200
39e78a,::1,GET,http://localhost/music_match/music_match/web/index_dev.php/search?q=triss,1503413081,,200
d088a5,::1,GET,http://localhost/music_match/music_match/web/index_dev.php/Batman-1-640x443-375x216.jpg,1503413082,,404
ef12ef,::1,POST,http://localhost/music_match/music_match/web/index_dev.php/ajax/addFriend,1503413098,,200
5da667,::1,GET,http://localhost/music_match/music_match/web/index_dev.php/amis,1503413105,,200
8f453c,::1,GET,http://localhost/music_match/music_match/web/index_dev.php/Batman-1-640x443-375x216.jpg,1503413106,,404
c5d0c7,::1,GET,http://localhost/music_match/music_match/web/index_dev.php/amis?username=Triss,1503413109,,200
c3a765,::1,GET,http://localhost/music_match/music_match/web/index_dev.php/1photo_profil.jpg,1503413109,,404
9518f7,::1,POST,http://localhost/music_match/music_match/web/index_dev.php/ajax/removeFriend,1503413125,,200
981a8f,::1,GET,http://localhost/music_match/music_match/web/index_dev.php/amis?username=Triss,1503413130,,200
fec34b,::1,GET,http://localhost/music_match/music_match/web/index_dev.php/1photo_profil.jpg,1503413131,,404
ae3184,::1,GET,http://localhost/music_match/music_match/web/index_dev.php/amis,1503413135,,200
313361,::1,GET,http://localhost/music_match/music_match/web/index_dev.php/Batman-1-640x443-375x216.jpg,1503413135,,404
f8393b,::1,GET,http://localhost/music_match/music_match/web/index_dev.php/1photo_profil.jpg,1503413183,,404
2739f6,::1,GET,http://localhost/music_match/music_match/web/index_dev.php/amis,1503413352,,500
4d5e75,::1,GET,http://localhost/music_match/music_match/web/index_dev.php/amis,1503413409,,200
9b0451,::1,GET,http://localhost/music_match/music_match/web/index_dev.php/amis,1503413412,,200
16b13c,::1,GET,http://localhost/music_match/music_match/web/index_dev.php/amis,1503413439,,200
92e589,::1,GET,http://localhost/music_match/music_match/web/index_dev.php/amis,1503413445,,200
a8f011,::1,GET,http://localhost/music_match/music_match/web/index_dev.php/amis?username=Triss,1503413497,,200
5680f3,::1,POST,http://localhost/music_match/music_match/web/index_dev.php/ajax/removeFriend,1503413517,,200
85833c,::1,GET,http://localhost/music_match/music_match/web/index_dev.php/amis?username=Triss,1503413522,,200
427a85,::1,GET,http://localhost/music_match/music_match/web/index_dev.php/search?q=lamb,1503413529,,200
2a4481,::1,GET,http://localhost/music_match/music_match/web/index_dev.php/1photo_profil.jpg,1503413530,,404
a7d369,::1,POST,http://localhost/music_match/music_match/web/index_dev.php/ajax/addFriend,1503413534,,200
30ead0,::1,GET,http://localhost/music_match/music_match/web/index_dev.php/amis,1503413538,,200
6ee9d7,::1,GET,http://localhost/music_match/music_match/web/index_dev.php/amis,1503413542,,200
1f77f4,::1,POST,http://localhost/music_match/music_match/web/index_dev.php/ajax/removeFriend,1503413549,,200
bcf74c,::1,GET,http://localhost/music_match/music_match/web/index_dev.php/amis,1503413555,,200
1db8b5,::1,POST,http://localhost/music_match/music_match/web/index_dev.php/ajax/removeFriend,1503413559,,200
5bc31f,::1,GET,http://localhost/music_match/music_match/web/index_dev.php/amis,1503413917,,200
bf44ae,::1,POST,http://localhost/music_match/music_match/web/index_dev.php/ajax/removeFriend,1503413925,,200
4136c9,::1,GET,http://localhost/music_match/music_match/web/index_dev.php/amis,1503413932,,200
c900aa,::1,GET,http://localhost/music_match/music_match/web/index_dev.php/amis,1503413940,,200
cdda47,::1,GET,http://localhost/music_match/music_match/web/index_dev.php/amis,1503414024,,200
0347fd,::1,GET,http://localhost/music_match/music_match/web/index_dev.php/search?q=triss,1503414037,,200
66c802,::1,GET,http://localhost/music_match/music_match/web/index_dev.php/Batman-1-640x443-375x216.jpg,1503414038,,404
d3a799,::1,POST,http://localhost/music_match/music_match/web/index_dev.php/ajax/addFriend,1503414046,,200
6a63ed,::1,GET,http://localhost/music_match/music_match/web/index_dev.php/lambda/accueil,1503414065,,200
56b919,::1,GET,http://localhost/music_match/music_match/web/index_dev.php/amis,1503414065,,200
7de30a,::1,POST,http://localhost/music_match/music_match/web/index_dev.php/ajax/removeFriend,1503414071,,200
825a3a,::1,GET,http://localhost/music_match/music_match/web/index_dev.php/search?q=triss,1503414085,,200
79a576,::1,GET,http://localhost/music_match/music_match/web/index_dev.php/Batman-1-640x443-375x216.jpg,1503414085,,404
004400,::1,GET,http://localhost/music_match/music_match/web/index_dev.php/lambda/accueil,1503414092,,200
ec315e,::1,GET,http://localhost/music_match/music_match/web/index_dev.php/amis,1503414097,,200
4344c7,::1,GET,http://localhost/music_match/music_match/web/index_dev.php/amis,1503414183,,200
2aac62,::1,GET,http://localhost/music_match/music_match/web/index_dev.php/search?q=triss,1503414193,,200
91ba33,::1,GET,http://localhost/music_match/music_match/web/index_dev.php/Triss/profil,1503414197,,200
9cb0da,::1,GET,http://localhost/music_match/music_match/web/index_dev.php/Triss/profil,1503414241,,200
6bd76a,::1,GET,http://localhost/music_match/music_match/web/index_dev.php/Triss/profil,1503414622,,500
2264f1,::1,GET,http://localhost/music_match/music_match/web/index_dev.php/Triss/profil,1503414636,,200
30a8d4,::1,GET,http://localhost/music_match/music_match/web/index_dev.php/Triss/profil,1503414722,,200
631b72,::1,GET,http://localhost/music_match/music_match/web/index_dev.php/Triss/profil,1503414753,,200
259a6a,::1,GET,http://localhost/music_match/music_match/web/index_dev.php/Triss/profil,1503414783,,200
0902d6,::1,GET,http://localhost/music_match/music_match/web/index_dev.php/Triss/profil,1503414785,,200
7f0633,::1,GET,http://localhost/music_match/music_match/web/index_dev.php/Triss/profil,1503414950,,200
db194a,::1,GET,http://localhost/music_match/music_match/web/index_dev.php/Triss/profil,1503414974,,200
352fef,::1,GET,http://localhost/music_match/music_match/web/index_dev.php/Triss/accueil,1503415002,,200
af2315,::1,POST,http://localhost/music_match/music_match/web/index_dev.php/ajax/addTrack,1503415005,,200
5c7744,::1,POST,http://localhost/music_match/music_match/web/index_dev.php/ajax/addTrack,1503415005,,200
dac5cf,::1,POST,http://localhost/music_match/music_match/web/index_dev.php/ajax/addTrack,1503415006,,200
46bbf1,::1,GET,http://localhost/music_match/music_match/web/index_dev.php/Triss/profil,1503415009,,200
aa1151,::1,GET,http://localhost/music_match/music_match/web/index_dev.php/lambda/accueil,1503415279,,200
8dc514,::1,GET,http://localhost/music_match/music_match/web/index_dev.php/lambda/accueil,1503415325,,200
a3caa4,::1,GET,http://localhost/music_match/music_match/web/index_dev.php/amis,1503415437,,200
944323,::1,GET,http://localhost/music_match/music_match/web/index_dev.php/Tristan/profil,1503415442,,500
8d1d72,::1,GET,http://localhost/music_match/music_match/web/index_dev.php/Admin/profil,1503415449,,500
914377,::1,GET,http://localhost/music_match/music_match/web/index_dev.php/visiteur/profil,1503415452,,500
31f736,::1,GET,http://localhost/music_match/music_match/web/index_dev.php/davydfd/profil,1503415458,,500
296b4e,::1,GET,http://localhost/music_match/music_match/web/index_dev.php/pilouououo/profil,1503415462,,500
efcd43,::1,GET,http://localhost/music_match/music_match/web/index_dev.php/Triss/bibliotheque,1503415468,,200
772496,::1,GET,http://localhost/music_match/music_match/web/index_dev.php/amis,1503415471,,200
6087ba,::1,GET,http://localhost/music_match/music_match/web/index_dev.php/amis,1503415476,,200
f2d6ea,::1,GET,http://localhost/music_match/music_match/web/index_dev.php/Admin/profil,1503415478,,500
6d6688,::1,GET,http://localhost/music_match/music_match/web/index_dev.php/deconnexion,1503415493,,302
65bdeb,::1,GET,http://localhost/music_match/music_match/web/index_dev.php/,1503415493,,200
48e4f2,::1,POST,http://localhost/music_match/music_match/web/index_dev.php/connexion,1503415499,,302
57481a,::1,GET,http://localhost/music_match/music_match/web/index_dev.php/lambda/accueil,1503415505,,200
f9b8e3,::1,GET,http://localhost/music_match/music_match/web/index_dev.php/amis,1503415508,,200
c3b96f,::1,GET,http://localhost/music_match/music_match/web/index_dev.php/Tristan/profil,1503415511,,500
194ec5,::1,GET,http://localhost/music_match/music_match/web/index_dev.php/Tristan/profil,1503415531,,500
aa8f46,::1,GET,http://localhost/music_match/music_match/web/index_dev.php/Tristan/profil,1503415542,,500
ae587f,::1,GET,http://localhost/music_match/music_match/web/index_dev.php/deconnexion,1503415563,,302
fcdd80,::1,GET,http://localhost/music_match/music_match/web/index_dev.php/,1503415563,,200
0ef12e,::1,GET,http://localhost/music_match/music_match/web/index_dev.php/Tristan/profil,1503415567,,500
f790c6,::1,GET,http://localhost/music_match/music_match/web/index_dev.php/search?q=visiteur,1503415584,,200
d69d9a,::1,GET,http://localhost/music_match/music_match/web/index_dev.php/visiteur/profil,1503415590,,500
f41868,::1,POST,http://localhost/music_match/music_match/web/index_dev.php/ajax/addFriend,1503415594,,200
a907cb,::1,GET,http://localhost/music_match/music_match/web/index_dev.php/visiteur/profil,1503415598,,500
5becf1,::1,GET,http://localhost/music_match/music_match/web/index_dev.php/amis,1503415604,,200
0b9034,::1,GET,http://localhost/music_match/music_match/web/index_dev.php/visiteur/profil,1503415610,,500
9e36b2,::1,GET,http://localhost/music_match/music_match/web/index_dev.php/,1503415731,,200
3256ae,::1,GET,http://localhost/music_match/music_match/web/index_dev.php/amis,1503415737,,200
1c0221,::1,GET,http://localhost/music_match/music_match/web/index_dev.php/visiteur/profil,1503415740,,500
ecb751,::1,GET,http://localhost/music_match/music_match/web/index_dev.php/visiteur/profil,1503415746,,500
1a15d1,::1,GET,http://localhost/music_match/music_match/web/index_dev.php/visiteur/profil,1503415861,,200
65d78c,::1,GET,http://localhost/music_match/music_match/web/index_dev.php/lambda/accueil,1503415933,,200
0dc5a2,::1,GET,http://localhost/music_match/music_match/web/index_dev.php/deconnexion,1503415961,,302
a027a4,::1,GET,http://localhost/music_match/music_match/web/index_dev.php/,1503415961,,200
ea2438,::1,GET,http://localhost/music_match/music_match/web/index_dev.php/inscription,1503415968,,200
d4e039,::1,POST,http://localhost/music_match/music_match/web/index_dev.php/inscription,1503415989,,302
2dc560,::1,GET,http://localhost/music_match/music_match/web/index_dev.php/ajouter_tags,1503415990,,200
1e5567,::1,GET,http://localhost/music_match/music_match/web/index_dev.php/cristian/accueil,1503416003,,302
271f81,::1,GET,http://localhost/music_match/music_match/web/index_dev.php/,1503416004,,302
444728,::1,GET,http://localhost/music_match/music_match/web/index_dev.php/Cristian/accueil,1503416004,,500
2c59c6,::1,GET,http://localhost/music_match/music_match/web/index_dev.php/cristian/accueil,1503416449,,302
1a2d10,::1,GET,http://localhost/music_match/music_match/web/index_dev.php/,1503416449,,302
a6fd65,::1,GET,http://localhost/music_match/music_match/web/index_dev.php/Cristian/accueil,1503416450,,500
25a79f,::1,GET,http://localhost/music_match/music_match/web/index_dev.php/Cristian/accueil,1503416536,,500
fea379,::1,GET,http://localhost/music_match/music_match/web/index_dev.php/cristian/accueil,1503416545,,302
b45808,::1,GET,http://localhost/music_match/music_match/web/index_dev.php/,1503416545,,302
7c192c,::1,GET,http://localhost/music_match/music_match/web/index_dev.php/Cristian/accueil,1503416545,,500
95b1df,::1,GET,http://localhost/music_match/music_match/web/index_dev.php/Cristian/accueil,1503416636,,500
22e8ee,::1,GET,http://localhost/music_match/music_match/web/index_dev.php/cristian/accueil,1503416645,,302
9b58e7,::1,GET,http://localhost/music_match/music_match/web/index_dev.php/,1503416645,,302
092b94,::1,GET,http://localhost/music_match/music_match/web/index_dev.php/Cristian/accueil,1503416645,,500
e3222c,::1,GET,http://localhost/music_match/music_match/web/index_dev.php/Cristian/accueil,1503416661,,500
dbd57d,::1,GET,http://localhost/music_match/music_match/web/index_dev.php/accueil/larson,1503416729,,404
0c3150,::1,GET,http://localhost/music_match/music_match/web/index_dev.php/Cristian/accueil,1503416741,,500
1add4c,::1,GET,http://localhost/music_match/music_match/web/index_dev.php/Cristian/accueil,1503416789,,500
43a010,::1,GET,http://localhost/music_match/music_match/web/index_dev.php/inscription,1503416821,,200
ffd204,::1,GET,http://localhost/music_match/music_match/web/index_dev.php/ajouter_tags,1503416827,,200
3665ba,::1,GET,http://localhost/music_match/music_match/web/index_dev.php/cristian/accueil,1503416834,,302
7ffa81,::1,GET,http://localhost/music_match/music_match/web/index_dev.php/,1503416834,,302
e88335,::1,GET,http://localhost/music_match/music_match/web/index_dev.php/Cristian/accueil,1503416835,,500
f92d74,::1,GET,http://localhost/music_match/music_match/web/index_dev.php/Cristian/accueil,1503417333,,500
b6dc59,::1,GET,http://localhost/music_match/music_match/web/index_dev.php/Cristian/accueil,1503417343,,500
9fc53b,::1,GET,http://localhost/music_match/music_match/web/index_dev.php/Cristian/accueil,1503417387,,302
59f61b,::1,GET,http://localhost/music_match/music_match/web/index_dev.php/,1503417387,,302
402c70,::1,GET,http://localhost/music_match/music_match/web/index_dev.php/Cristian/accueil,1503417387,,302
91ee62,::1,GET,http://localhost/music_match/music_match/web/index_dev.php/,1503417387,,302
6ae652,::1,GET,http://localhost/music_match/music_match/web/index_dev.php/Cristian/accueil,1503417388,,302
6581eb,::1,GET,http://localhost/music_match/music_match/web/index_dev.php/,1503417388,,302
9d9640,::1,GET,http://localhost/music_match/music_match/web/index_dev.php/Cristian/accueil,1503417388,,302
7d4873,::1,GET,http://localhost/music_match/music_match/web/index_dev.php/,1503417388,,302
d91e2a,::1,GET,http://localhost/music_match/music_match/web/index_dev.php/Cristian/accueil,1503417389,,302
b87165,::1,GET,http://localhost/music_match/music_match/web/index_dev.php/,1503417389,,302
ce68b8,::1,GET,http://localhost/music_match/music_match/web/index_dev.php/Cristian/accueil,1503417389,,302
b4e9d4,::1,GET,http://localhost/music_match/music_match/web/index_dev.php/,1503417389,,302
361feb,::1,GET,http://localhost/music_match/music_match/web/index_dev.php/Cristian/accueil,1503417390,,302
050e4e,::1,GET,http://localhost/music_match/music_match/web/index_dev.php/,1503417390,,302
4c36b9,::1,GET,http://localhost/music_match/music_match/web/index_dev.php/Cristian/accueil,1503417390,,302
0e3efb,::1,GET,http://localhost/music_match/music_match/web/index_dev.php/,1503417390,,302
4b54c1,::1,GET,http://localhost/music_match/music_match/web/index_dev.php/Cristian/accueil,1503417391,,302
a5e25f,::1,GET,http://localhost/music_match/music_match/web/index_dev.php/,1503417391,,302
927ee4,::1,GET,http://localhost/music_match/music_match/web/index_dev.php/Cristian/accueil,1503417391,,302
e5eba6,::1,GET,http://localhost/music_match/music_match/web/index_dev.php/,1503417391,,302
acc09b,::1,GET,http://localhost/music_match/music_match/web/index_dev.php/Cristian/accueil,1503417392,,302
0b176a,::1,GET,http://localhost/music_match/music_match/web/index_dev.php/,1503417392,,302
e6f437,::1,GET,http://localhost/music_match/music_match/web/index_dev.php/Cristian/accueil,1503417392,,302
9c7825,::1,GET,http://localhost/music_match/music_match/web/index_dev.php/,1503417393,,302
c84140,::1,GET,http://localhost/music_match/music_match/web/index_dev.php/Cristian/accueil,1503417393,,302
badac7,::1,GET,http://localhost/music_match/music_match/web/index_dev.php/,1503417393,,302
e2fa5f,::1,GET,http://localhost/music_match/music_match/web/index_dev.php/Cristian/accueil,1503417394,,302
536e7b,::1,GET,http://localhost/music_match/music_match/web/index_dev.php/,1503417394,,302
3e9040,::1,GET,http://localhost/music_match/music_match/web/index_dev.php/Cristian/accueil,1503417394,,302
e748d5,::1,GET,http://localhost/music_match/music_match/web/index_dev.php/,1503417394,,302
c5945d,::1,GET,http://localhost/music_match/music_match/web/index_dev.php/Cristian/accueil,1503417395,,302
1dd5e6,::1,GET,http://localhost/music_match/music_match/web/index_dev.php/,1503417395,,302
860893,::1,GET,http://localhost/music_match/music_match/web/index_dev.php/Cristian/accueil,1503417395,,302
8b2073,::1,GET,http://localhost/music_match/music_match/web/index_dev.php/,1503417396,,302
597238,::1,GET,http://localhost/music_match/music_match/web/index_dev.php/Cristian/accueil,1503417396,,302
aa8729,::1,GET,http://localhost/music_match/music_match/web/index_dev.php/,1503417396,,302
e03640,::1,GET,http://localhost/music_match/music_match/web/index_dev.php/Cristian/accueil,1503417396,,302
5ed84e,::1,GET,http://localhost/music_match/music_match/web/index_dev.php/,1503417397,,302
421fff,::1,GET,http://localhost/music_match/music_match/web/index_dev.php/Cristian/accueil,1503417397,,302
ee5a86,::1,GET,http://localhost/music_match/music_match/web/index_dev.php/,1503417397,,302
ac032a,::1,GET,http://localhost/music_match/music_match/web/index_dev.php/Cristian/accueil,1503417397,,302
adbd99,::1,GET,http://localhost/music_match/music_match/web/index_dev.php/,1503417398,,302
8cddff,::1,GET,http://localhost/music_match/music_match/web/index_dev.php/,1503417403,,302
1bf6af,::1,GET,http://localhost/music_match/music_match/web/index_dev.php/Cristian/accueil,1503417403,,302
c3e3e6,::1,GET,http://localhost/music_match/music_match/web/index_dev.php/,1503417403,,302
8e4c7c,::1,GET,http://localhost/music_match/music_match/web/index_dev.php/Cristian/accueil,1503417404,,302
a48c75,::1,GET,http://localhost/music_match/music_match/web/index_dev.php/,1503417404,,302
fccbe2,::1,GET,http://localhost/music_match/music_match/web/index_dev.php/Cristian/accueil,1503417404,,302
861407,::1,GET,http://localhost/music_match/music_match/web/index_dev.php/,1503417404,,302
15ca1d,::1,GET,http://localhost/music_match/music_match/web/index_dev.php/Cristian/accueil,1503417405,,302
a01c57,::1,GET,http://localhost/music_match/music_match/web/index_dev.php/,1503417405,,302
528b50,::1,GET,http://localhost/music_match/music_match/web/index_dev.php/Cristian/accueil,1503417405,,302
928039,::1,GET,http://localhost/music_match/music_match/web/index_dev.php/,1503417405,,302
334845,::1,GET,http://localhost/music_match/music_match/web/index_dev.php/Cristian/accueil,1503417406,,302
2cbb28,::1,GET,http://localhost/music_match/music_match/web/index_dev.php/,1503417406,,302
8e591f,::1,GET,http://localhost/music_match/music_match/web/index_dev.php/Cristian/accueil,1503417407,,302
b6f182,::1,GET,http://localhost/music_match/music_match/web/index_dev.php/,1503417407,,302
e873d9,::1,GET,http://localhost/music_match/music_match/web/index_dev.php/Cristian/accueil,1503417407,,302
a16c99,::1,GET,http://localhost/music_match/music_match/web/index_dev.php/,1503417407,,302
6299ee,::1,GET,http://localhost/music_match/music_match/web/index_dev.php/Cristian/accueil,1503417408,,302
857c33,::1,GET,http://localhost/music_match/music_match/web/index_dev.php/,1503417408,,302
6a1c9c,::1,GET,http://localhost/music_match/music_match/web/index_dev.php/Cristian/accueil,1503417408,,302
080638,::1,GET,http://localhost/music_match/music_match/web/index_dev.php/,1503417409,,302
ec6af5,::1,GET,http://localhost/music_match/music_match/web/index_dev.php/,1503417439,,302
d31bfe,::1,GET,http://localhost/music_match/music_match/web/index_dev.php/Cristian/accueil,1503417439,,302
885b0e,::1,GET,http://localhost/music_match/music_match/web/index_dev.php/ajouter_tags,1503417440,,200
cb356e,::1,GET,http://localhost/music_match/music_match/web/index_dev.php/ajouter_tags,1503417447,,200
a37d63,::1,GET,http://localhost/music_match/music_match/web/index_dev.php/Cristian/accueil,1503417450,,302
0ebb68,::1,GET,http://localhost/music_match/music_match/web/index_dev.php/ajouter_tags,1503417451,,200
484e16,::1,GET,http://localhost/music_match/music_match/web/index_dev.php/Cristian/accueil,1503417455,,302
15fa34,::1,GET,http://localhost/music_match/music_match/web/index_dev.php/ajouter_tags,1503417456,,200
5a9171,::1,GET,http://localhost/music_match/music_match/web/index_dev.php/Cristian/profil,1503417459,,200
74a660,::1,GET,http://localhost/music_match/music_match/web/index_dev.php/Cristian/accueil,1503417463,,302
385baa,::1,GET,http://localhost/music_match/music_match/web/index_dev.php/ajouter_tags,1503417464,,200
58db5a,::1,GET,http://localhost/music_match/music_match/web/index_dev.php/Cristian/bibliotheque,1503417467,,200
6ef15c,::1,GET,http://localhost/music_match/music_match/web/index_dev.php/amis,1503417471,,200
83f8b6,::1,GET,http://localhost/music_match/music_match/web/index_dev.php/Cristian/bibliotheque,1503417476,,200
e622a4,::1,GET,http://localhost/music_match/music_match/web/index_dev.php/Cristian/profil,1503417479,,200
b2dd42,::1,GET,http://localhost/music_match/music_match/web/index_dev.php/deconnexion,1503417489,,302
4166f4,::1,GET,http://localhost/music_match/music_match/web/index_dev.php/,1503417489,,200
dff832,::1,GET,http://localhost/music_match/music_match/web/index_dev.php/inscription,1503417496,,200
2dd4b1,::1,POST,http://localhost/music_match/music_match/web/index_dev.php/inscription,1503417508,,200
4bbc7a,::1,GET,http://localhost/music_match/music_match/web/index_dev.php/inscription,1503417527,,200
4365f7,::1,POST,http://localhost/music_match/music_match/web/index_dev.php/inscription,1503417543,,200
e1b201,::1,POST,http://localhost/music_match/music_match/web/index_dev.php/inscription,1503417552,,200
4e1a03,::1,POST,http://localhost/music_match/music_match/web/index_dev.php/connexion,1503417564,,302
3a756e,::1,GET,http://localhost/music_match/music_match/web/index_dev.php/lambda/accueil,1503417569,,200
db0f8d,::1,GET,http://localhost/music_match/music_match/web/index_dev.php/amis,1503417586,,200
5f4661,::1,GET,http://localhost/music_match/music_match/web/index_dev.php/Tristan/profil,1503417588,,200
ecc71e,::1,GET,http://localhost/music_match/music_match/web/index_dev.php/pilouououo/profil,1503417602,,200
3a36aa,::1,GET,http://localhost/music_match/music_match/web/index_dev.php/visiteur/profil,1503417605,,200
ed5ed1,::1,GET,http://localhost/music_match/music_match/web/index_dev.php/Admin/profil,1503417609,,200
ad1e38,::1,GET,http://localhost/music_match/music_match/web/index_dev.php/search?q=triss,1503417621,,200
280b32,::1,POST,http://localhost/music_match/music_match/web/index_dev.php/ajax/addFriend,1503417624,,200
d5ef50,::1,GET,http://localhost/music_match/music_match/web/index_dev.php/Triss/profil,1503417626,,200
95a3cc,::1,GET,http://localhost/music_match/music_match/web/index_dev.php/lambda/accueil,1503417704,,200
2284bf,::1,GET,http://localhost/music_match/music_match/web/index_dev.php/album/5H4t4yeimHOxZrPwcsdw2V,1503417730,,200
ccb04e,::1,GET,http://localhost/music_match/music_match/web/index_dev.php/lambda/accueil,1503417750,,200
eb8578,::1,GET,http://localhost/music_match/music_match/web/index_dev.php/lambda/accueil,1503417790,,200
edc5e7,::1,GET,http://localhost/music_match/music_match/web/index_dev.php/amis,1503417865,,200
7fa41a,::1,GET,http://localhost/music_match/music_match/web/index_dev.php/Tristan/profil,1503417869,,200
082523,::1,GET,http://localhost/music_match/music_match/web/index_dev.php/lambda/accueil,1503419050,,200
25fe04,::1,GET,http://localhost/music_match/music_match/web/index_dev.php/lambda/profil,1503419059,,200
4f7104,::1,GET,http://localhost/music_match/music_match/web/index_dev.php/lambda/edition_profil,1503419067,,200
f0ed05,::1,POST,http://localhost/music_match/music_match/web/index_dev.php/lambda/edition_profil,1503419098,,302
870168,::1,GET,http://localhost/music_match/music_match/web/index_dev.php/lambda/profil,1503419099,,200
18dc67,::1,GET,http://localhost/music_match/music_match/web/index_dev.php/lambda/accueil,1503419104,,200
aa06d0,::1,GET,http://localhost/music_match/music_match/web/index_dev.php/artist/3UbyYnvNIT5DFXU4WgiGpP,1503419123,,200
c06086,::1,GET,http://localhost/music_match/music_match/web/index_dev.php/lambda/accueil,1503419138,,200
11798b,::1,POST,http://localhost/music_match/music_match/web/index_dev.php/ajax/addTrack,1503419161,,200
92fdfd,::1,GET,http://localhost/music_match/music_match/web/index_dev.php/lambda/accueil,1503419168,,200
0a12f8,::1,GET,http://localhost/music_match/music_match/web/index_dev.php/lambda/accueil,1503419233,,200
66b59c,::1,POST,http://localhost/music_match/music_match/web/index_dev.php/ajax/addTrack,1503419266,,200
0997f2,::1,GET,http://localhost/music_match/music_match/web/index_dev.php/lambda/bibliotheque,1503419269,,200
18f2b8,::1,GET,http://localhost/music_match/music_match/web/index_dev.php/search?q=katy%20perry,1503419293,,200
a611f2,::1,GET,http://localhost/music_match/music_match/web/index_dev.php/deconnexion,1503419328,,302
1733a5,::1,GET,http://localhost/music_match/music_match/web/index_dev.php/,1503419328,,200
c82163,::1,GET,http://localhost/music_match/music_match/web/index_dev.php/inscription,1503419339,,200
cc5b4b,::1,POST,http://localhost/music_match/music_match/web/index_dev.php/inscription,1503419353,,302
e6b52d,::1,GET,http://localhost/music_match/music_match/web/index_dev.php/ajouter_tags,1503419354,,200
d35524,::1,GET,http://localhost/music_match/music_match/web/index_dev.php/quentin/accueil,1503419358,,302
49b616,::1,GET,http://localhost/music_match/music_match/web/index_dev.php/ajouter_tags,1503419359,,200
ba93fc,::1,POST,http://localhost/music_match/music_match/web/index_dev.php/ajouter_tags,1503419369,,302
9a985d,::1,GET,http://localhost/music_match/music_match/web/index_dev.php/quentin/accueil,1503419369,,302
14b1f8,::1,GET,http://localhost/music_match/music_match/web/index_dev.php/ajouter_tags,1503419370,,200
2c25e0,::1,GET,http://localhost/music_match/music_match/web/index_dev.php/quentin/accueil,1503419375,,302
12c3bb,::1,GET,http://localhost/music_match/music_match/web/index_dev.php/ajouter_tags,1503419376,,200
642e32,::1,POST,http://localhost/music_match/music_match/web/index_dev.php/ajouter_tags,1503419381,,302
ac8d23,::1,GET,http://localhost/music_match/music_match/web/index_dev.php/quentin/accueil,1503419381,,302
1df5db,::1,GET,http://localhost/music_match/music_match/web/index_dev.php/ajouter_tags,1503419382,,200
340bd4,::1,POST,http://localhost/music_match/music_match/web/index_dev.php/ajouter_tags,1503419388,,302
27a5d0,::1,GET,http://localhost/music_match/music_match/web/index_dev.php/quentin/accueil,1503419388,,302
f04aa5,::1,GET,http://localhost/music_match/music_match/web/index_dev.php/ajouter_tags,1503419389,,200
972c28,::1,GET,http://localhost/music_match/music_match/web/index_dev.php/quentin/accueil,1503419393,,302
291139,::1,GET,http://localhost/music_match/music_match/web/index_dev.php/ajouter_tags,1503419394,,200
5f4144,::1,GET,http://localhost/music_match/music_match/web/index_dev.php/deconnexion,1503419400,,302
7ec311,::1,GET,http://localhost/music_match/music_match/web/index_dev.php/,1503419400,,200
8401db,::1,POST,http://localhost/music_match/music_match/web/index_dev.php/connexion,1503419406,,302
5ba328,::1,GET,http://localhost/music_match/music_match/web/index_dev.php/lambda/accueil,1503419409,,200
5ab3d9,::1,GET,http://localhost/music_match/music_match/web/index_dev.php/search?q=quentin,1503419416,,200
fc2229,::1,POST,http://localhost/music_match/music_match/web/index_dev.php/ajax/addFriend,1503419423,,200
505b5d,::1,GET,http://localhost/music_match/music_match/web/index_dev.php/quentin/profil,1503419426,,200
3da44d,::1,GET,http://localhost/music_match/music_match/web/index_dev.php/lambda/profil,1503419437,,200
6705d0,::1,GET,http://localhost/music_match/music_match/web/index_dev.php/amis,1503419440,,200
caaae6,::1,GET,http://localhost/music_match/music_match/web/index_dev.php/Triss/profil,1503419444,,200
a091eb,::1,GET,http://localhost/music_match/music_match/web/index_dev.php/lambda/bibliotheque,1503419479,,200
3d6b5d,::1,GET,http://localhost/music_match/music_match/web/index_dev.php/search?q=black%20tape,1503419918,,200
0a5169,::1,GET,http://localhost/music_match/music_match/web/index_dev.php/artist/2LM56NUYjaQzmYyQkZjBlZ,1503419948,,200
1d3f76,::1,GET,http://localhost/music_match/music_match/web/index_dev.php/artist/4EsW3T2vebJW06rxBBULFQ,1503419965,,200
1f7605,::1,GET,http://localhost/music_match/music_match/web/index_dev.php/lambda/accueil,1503419974,,200
8f368f,::1,GET,http://localhost/music_match/music_match/web/index_dev.php/deconnexion,1503419992,,302
0dd762,::1,GET,http://localhost/music_match/music_match/web/index_dev.php/,1503419992,,200
3b82af,::1,POST,http://localhost/music_match/music_match/web/index_dev.php/connexion,1503420014,,302
df917e,::1,GET,http://localhost/music_match/music_match/web/index_dev.php/lambda/accueil,1503420017,,200
f12055,::1,GET,http://localhost/music_match/music_match/web/index_dev.php/search?q=abba,1503420075,,200
b0ef42,::1,GET,http://localhost/music_match/music_match/web/index_dev.php/album/2cKZfaz7GiGtZEeQNj1RyR,1503420105,,200
1a82a3,::1,GET,http://localhost/music_match/music_match/web/index_dev.php/lambda/accueil,1503420136,,200
2ae4dd,::1,GET,http://localhost/music_match/music_match/web/index_dev.php/lambda/profil,1503420162,,200
250397,::1,GET,http://localhost/music_match/music_match/web/index_dev.php/lambda/edition_profil,1503420165,,200
68df33,::1,POST,http://localhost/music_match/music_match/web/index_dev.php/lambda/edition_profil,1503420172,,302
c2211b,::1,GET,http://localhost/music_match/music_match/web/index_dev.php/lambda/profil,1503420173,,200
af78d7,::1,GET,http://localhost/music_match/music_match/web/index_dev.php/lambda/accueil,1503420180,,200
a27170,::1,POST,http://localhost/music_match/music_match/web/index_dev.php/ajax/addTrack,1503420211,,200
e4a5df,::1,GET,http://localhost/music_match/music_match/web/index_dev.php/lambda/bibliotheque,1503420215,,200
64be74,::1,GET,http://localhost/music_match/music_match/web/index_dev.php/search?q=triss,1503420224,,200
58ca34,::1,POST,http://localhost/music_match/music_match/web/index_dev.php/ajax/addFriend,1503420228,,200
139fbc,::1,GET,http://localhost/music_match/music_match/web/index_dev.php/Triss/profil,1503420231,,200
9affa0,::1,GET,http://localhost/music_match/music_match/web/index_dev.php/deconnexion,1503420615,,302
6e59bc,::1,GET,http://localhost/music_match/music_match/web/index_dev.php/,1503420615,,200
a93276,::1,GET,http://localhost/music_match/music_match/web/index_dev.php/inscription,1503420639,,200
9b6462,::1,POST,http://localhost/music_match/music_match/web/index_dev.php/connexion,1503420655,,302
9253ff,::1,GET,http://localhost/music_match/music_match/web/index_dev.php/lambda/accueil,1503420659,,200
9d692f,::1,GET,http://localhost/music_match/music_match/web/index_dev.php/deconnexion,1503420767,,302
e9842d,::1,GET,http://localhost/music_match/music_match/web/index_dev.php/,1503420767,,200
05691e,::1,POST,http://localhost/music_match/music_match/web/index_dev.php/connexion,1503420772,,302
9ad506,::1,GET,http://localhost/music_match/music_match/web/index_dev.php/,1503420773,,200
e8d1b4,::1,POST,http://localhost/music_match/music_match/web/index_dev.php/connexion,1503420810,,302
e71fd7,::1,GET,http://localhost/music_match/music_match/web/index_dev.php/lambda/accueil,1503420814,,200
450921,::1,GET,http://localhost/music_match/music_match/web/index_dev.php/lambda/accueil,1503420828,,200
132ea5,::1,GET,http://localhost/music_match/music_match/web/index_dev.php/lambda/profil,1503420837,,200
a969aa,::1,GET,http://localhost/music_match/music_match/web/index_dev.php/lambda/edition_profil,1503420852,,200
34f8f9,::1,GET,http://localhost/music_match/music_match/web/index_dev.php/lambda/accueil,1503420919,,200
fd9b64,::1,GET,http://localhost/music_match/music_match/web/index_dev.php/album/6UixeNUSjrBnxeYV0ZuGHR,1503420930,,200
731c55,::1,GET,http://localhost/music_match/music_match/web/index_dev.php/artist/4QQgXkCYTt3BlENzhyNETg,1503420946,,200
7c3da8,::1,GET,http://localhost/music_match/music_match/web/index_dev.php/album/2L8rj8VnahryOqg7vKHYzx,1503420956,,200
1aa8f2,::1,GET,http://localhost/music_match/music_match/web/index_dev.php/album/4PAr9FxrB9HgWpoNF5Meu8,1503420963,,200
bc6057,::1,GET,http://localhost/music_match/music_match/web/index_dev.php/lambda/profil,1503421026,,200
a45355,::1,GET,http://localhost/music_match/music_match/web/index_dev.php/lambda/edition_profil,1503421029,,200
778a39,::1,POST,http://localhost/music_match/music_match/web/index_dev.php/lambda/edition_profil,1503421034,,302
406e74,::1,GET,http://localhost/music_match/music_match/web/index_dev.php/lambda/profil,1503421035,,200
a791b9,::1,GET,http://localhost/music_match/music_match/web/index_dev.php/lambda/accueil,1503421041,,500
cee3a8,::1,GET,http://localhost/music_match/music_match/web/index_dev.php/lambda/edition_profil,1503421048,,200
fe2ab1,::1,POST,http://localhost/music_match/music_match/web/index_dev.php/lambda/edition_profil,1503421051,,302
b79873,::1,GET,http://localhost/music_match/music_match/web/index_dev.php/lambda/profil,1503421052,,200
e79e64,::1,GET,http://localhost/music_match/music_match/web/index_dev.php/lambda/accueil,1503421056,,200
a700dd,::1,GET,http://localhost/music_match/music_match/web/index_dev.php/,1503477240,,200
c096d0,::1,GET,http://localhost/music_match/music_match/web/index_dev.php/inscription,1503477261,,200
064f81,::1,GET,http://localhost/music_match/music_match/web/index_dev.php/inscription,1503477261,,200
beba82,::1,POST,http://localhost/music_match/music_match/web/index_dev.php/inscription,1503477286,,302
ce638a,::1,GET,http://localhost/music_match/music_match/web/index_dev.php/ajouter_tags,1503477288,,200
a5a26b,::1,POST,http://localhost/music_match/music_match/web/index_dev.php/ajouter_tags,1503477313,,302
05d888,::1,GET,http://localhost/music_match/music_match/web/index_dev.php/larson/accueil,1503477314,,302
94bf5d,::1,GET,http://localhost/music_match/music_match/web/index_dev.php/ajouter_tags,1503477314,,200
09670e,::1,POST,http://localhost/music_match/music_match/web/index_dev.php/ajouter_tags,1503477346,,302
df831b,::1,GET,http://localhost/music_match/music_match/web/index_dev.php/larson/accueil,1503477347,,302
92dabe,::1,GET,http://localhost/music_match/music_match/web/index_dev.php/ajouter_tags,1503477347,,200
46f187,::1,GET,http://localhost/music_match/music_match/web/index_dev.php/larson/accueil,1503477350,,302
b07f45,::1,GET,http://localhost/music_match/music_match/web/index_dev.php/ajouter_tags,1503477351,,200
67bd2b,::1,POST,http://localhost/music_match/music_match/web/index_dev.php/ajouter_tags,1503477361,,302
dc7033,::1,GET,http://localhost/music_match/music_match/web/index_dev.php/larson/accueil,1503477362,,302
784b6c,::1,GET,http://localhost/music_match/music_match/web/index_dev.php/ajouter_tags,1503477362,,200
564345,::1,GET,http://localhost/music_match/music_match/web/index_dev.php/bibliotheque,1503477534,,404
ba93ee,::1,GET,http://localhost/music_match/music_match/web/index_dev.php/amis,1503477544,,200
11b830,::1,GET,http://localhost/music_match/music_match/web/index_dev.php/larson/profil,1503477549,,200
6c1997,::1,GET,http://localhost/music_match/music_match/web/index_dev.php/search?q=triss,1503477582,,200
b75a40,::1,POST,http://localhost/music_match/music_match/web/index_dev.php/ajax/addFriend,1503477595,,200
0a6c0a,::1,GET,http://localhost/music_match/music_match/web/index_dev.php/amis,1503477607,,200
7b456d,::1,POST,http://localhost/music_match/music_match/web/index_dev.php/ajax/removeFriend,1503477611,,200
0886bb,::1,GET,http://localhost/music_match/music_match/web/index_dev.php/larson/accueil,1503477617,,302
9d3e65,::1,GET,http://localhost/music_match/music_match/web/index_dev.php/ajouter_tags,1503477618,,200
bf57fd,::1,GET,http://localhost/music_match/music_match/web/index_dev.php/search?q=alborosie,1503477643,,200
69d55a,::1,GET,http://localhost/music_match/music_match/web/index_dev.php/artist/78u1jLVBjPSXQVmHBV43yG,1503477651,,200
b6b675,::1,GET,http://localhost/music_match/music_match/web/index_dev.php/artist/7BGR8y1VZAWK2oR4zD9COr,1503477697,,200
44161b,::1,POST,http://localhost/music_match/music_match/web/index_dev.php/ajax/addTrack,1503477711,,200
47b632,::1,GET,http://localhost/music_match/music_match/web/index_dev.php/larson/bibliotheque,1503477716,,200
5788d5,::1,GET,http://localhost/music_match/music_match/web/index_dev.php/larson/accueil,1503477733,,302
51b7d4,::1,GET,http://localhost/music_match/music_match/web/index_dev.php/ajouter_tags,1503477734,,200
bd96d2,::1,GET,http://localhost/music_match/music_match/web/index_dev.php/larson/profil,1503477750,,200
723eb7,::1,GET,http://localhost/music_match/music_match/web/index_dev.php/larson/accueil,1503477757,,302
d31d88,::1,GET,http://localhost/music_match/music_match/web/index_dev.php/ajouter_tags,1503477757,,200
96831a,::1,GET,http://localhost/music_match/music_match/web/index_dev.php/ajouter_tags,1503477874,,200
ce7fce,::1,GET,http://localhost/music_match/music_match/web/index_dev.php/ajouter_tags,1503477878,,200
0238ed,::1,POST,http://localhost/music_match/music_match/web/index_dev.php/ajouter_tags,1503477892,,302
fa7cc8,::1,GET,http://localhost/music_match/music_match/web/index_dev.php/larson/accueil,1503477895,,200
3e39b5,::1,POST,http://localhost/music_match/music_match/web/index_dev.php/ajax/addTrack,1503477954,,200
39c44f,::1,GET,http://localhost/music_match/music_match/web/index_dev.php/search?q=madonna,1503478024,,200
3d762d,::1,GET,http://localhost/music_match/music_match/web/index_dev.php/artist/6tbjWDEIzxoDsBA1FuhfPW,1503478029,,200
c78bea,::1,GET,http://localhost/music_match/music_match/web/index_dev.php/larson/profil,1503478117,,200
a44695,::1,GET,http://localhost/music_match/music_match/web/index_dev.php/larson/accueil,1503478132,,200
2aa741,::1,GET,http://localhost/music_match/music_match/web/index_dev.php/search?q=triss,1503478170,,200
9af65f,::1,GET,http://localhost/music_match/music_match/web/index_dev.php/Triss/profil,1503478176,,200
27b477,::1,POST,http://localhost/music_match/music_match/web/index_dev.php/ajax/addFriend,1503478182,,200
b816ac,::1,GET,http://localhost/music_match/music_match/web/index_dev.php/amis,1503478185,,200
3d0e4e,::1,POST,http://localhost/music_match/music_match/web/index_dev.php/ajax/removeFriend,1503478188,,200
b8e1b9,::1,GET,http://localhost/music_match/music_match/web/index_dev.php/larson/accueil,1503478203,,200
fd31b7,::1,GET,http://localhost/music_match/music_match/web/index_dev.php/amis,1503478205,,200
73406d,::1,GET,http://localhost/music_match/music_match/web/index_dev.php/larson/bibliotheque,1503478207,,200
63a8d9,::1,GET,http://localhost/music_match/music_match/web/index_dev.php/search?q=madonna,1503478217,,200
20d1d1,::1,GET,http://localhost/music_match/music_match/web/index_dev.php/album/43lok9zd7BW5CoYkXZs7S0,1503478220,,200
542e0d,::1,GET,http://localhost/music_match/music_match/web/index_dev.php/larson/profil,1503478709,,200
1f613b,::1,GET,http://localhost/music_match/music_match/web/index_dev.php/larson/edition_profil,1503478719,,200
4f1725,::1,GET,http://localhost/music_match/music_match/web/index_dev.php/larson/profil,1503478783,,200
890428,::1,GET,http://localhost/music_match/music_match/web/index_dev.php/larson/profil,1503478889,,200
32f410,::1,GET,http://localhost/music_match/music_match/web/index_dev.php/search?q=triss,1503478898,,200
585491,::1,GET,http://localhost/music_match/music_match/web/index_dev.php/Triss/profil,1503478902,,200
7ab4fd,::1,GET,http://localhost/music_match/music_match/web/index_dev.php/larson/profil,1503478912,,200
e24988,::1,GET,http://localhost/music_match/music_match/web/index_dev.php/larson/edition_profil,1503478915,,200
1585d7,::1,POST,http://localhost/music_match/music_match/web/index_dev.php/larson/edition_profil,1503478929,,302
81d98c,::1,GET,http://localhost/music_match/music_match/web/index_dev.php/larson/profil,1503478929,,200
8e3194,::1,GET,http://localhost/music_match/music_match/web/index_dev.php/larson/profil,1503478955,,200
1e75a4,::1,GET,http://localhost/music_match/music_match/web/index_dev.php/larson/profil,1503478998,,200
f96d3c,::1,GET,http://localhost/music_match/music_match/web/index_dev.php/larson/profil,1503479026,,200
18df2b,::1,GET,http://localhost/music_match/music_match/web/index_dev.php/larson/profil,1503479033,,200
de697e,::1,GET,http://localhost/music_match/music_match/web/index_dev.php/larson/profil,1503479049,,200
5699a6,::1,GET,http://localhost/music_match/music_match/web/index_dev.php/larson/accueil,1503479089,,200
3b4169,::1,GET,http://localhost/music_match/music_match/web/index_dev.php/larson/bibliotheque,1503479099,,200
291e73,::1,POST,http://localhost/music_match/music_match/web/index_dev.php/ajax/removeTrack,1503479103,,200
d27893,::1,GET,http://localhost/music_match/music_match/web/index_dev.php/larson/accueil,1503479108,,200
